system:index,BasinID,change2,deposition2,erosion2,.geo
00000000000000000000,149,0.06926434951782245,0.4208494971618658,-0.35158514764404336,"{""type"":""Polygon"",""coordinates"":[[[39.790625598691086,64.63101427992954],[39.81534477568874,64.61276828462154],[39.83457079845221,64.64954197906434],[39.86066339944441,64.68421062342779],[39.94649401213775,64.69536562388618],[40.04262437389801,64.7402329632227],[40.18132680869301,64.76893248725254],[40.403799948056914,64.79467743721399],[40.40791989293215,64.81513888040372],[40.35298807763722,64.82799236729117],[40.1209020761728,64.78765850018291],[39.93001454440724,64.76366339878076],[39.79955194097564,64.68626583676367],[39.781699158373264,64.6427792959948],[39.790625598691086,64.63101427992954]]]}"
00000000000000000001,2769,-0.005030780212402343,0.0,-0.005030780212402343,"{""type"":""Polygon"",""coordinates"":[[[6.035535683849533,36.851554437309844],[6.0733011402800745,36.8657014189101],[6.099736995246071,36.876412881694705],[6.1423089909231186,36.89069254430109],[6.125314562226015,36.88767210745488],[6.078279367351398,36.87201858848545],[6.060426553851125,36.86556408146755],[6.035535683849533,36.851554437309844]]]}"
00000000000000000002,3018,-0.07142793127441287,0.12478103405761722,-0.19620896533203008,"{""type"":""Polygon"",""coordinates"":[[[141.79697674394072,58.78495356914619],[141.80452979039538,58.78780028171871],[141.84881845357503,58.82016529549338],[141.88006083436423,58.846461912632286],[141.8941369918288,58.87043129145105],[141.9370523761196,58.923991547687386],[141.9181697086982,58.90555629830464],[141.88212081078325,58.867258179726704],[141.86770115525087,58.84932544532345],[141.86220817657696,58.842753688916375],[141.82890569935873,58.81360992916478],[141.7969767812432,58.786042959066336],[141.79697674394072,58.78495356914619]]]}"
00000000000000000003,7818,0.0514579205915862,0.05229501831030748,-8.370977187212777E-4,"{""type"":""Polygon"",""coordinates"":[[[-3.2084757914007573,35.22324984447294],[-3.2061583502468873,35.22198779018091],[-3.2014376485136236,35.223109644480324],[-3.1971461223405795,35.225353273900396],[-3.1913954542768592,35.22731645965612],[-3.1762034427984562,35.23664086695451],[-3.1693369447190243,35.242739770103334],[-3.1813532635722566,35.23488826020871],[-3.1928545913088078,35.22878879798528],[-3.202295937821689,35.22521310225407],[-3.2084757914007573,35.22324984447294]]]}"
00000000000000000004,20123,8.814317016601562E-4,0.0017628252563476562,-8.813935546875E-4,"{""type"":""Polygon"",""coordinates"":[[[-71.05319403088717,9.760198049183847],[-71.05838680387892,9.768276133082859],[-71.05714223099089,9.764004525943832],[-71.05113413264293,9.751020064678105],[-71.04607012692895,9.74738264986417],[-71.03886031325167,9.741207411321017],[-71.02967642843049,9.727080101700931],[-71.03087809946892,9.729871782241872],[-71.03323835587652,9.736597084970922],[-71.03718665650716,9.742560923246831],[-71.04214494464647,9.747704757497468],[-71.04712321382976,9.750665471169116],[-71.04956934303185,9.753034013031282],[-71.05218720658256,9.758405434059517],[-71.05319403088717,9.760198049183847]]]}"
00000000000000000005,26952,0.02360850771292891,0.024492788901893756,-8.842811889648438E-4,"{""type"":""Polygon"",""coordinates"":[[[-79.85911335384976,8.554170208293618],[-79.83739813811286,8.557989601971533],[-79.83370740701919,8.559856867239443],[-79.81602634872111,8.566604367517295],[-79.82117615096543,8.565500980955887],[-79.8243947962426,8.564652255568806],[-79.83307584273666,8.561679658359546],[-79.83813985602274,8.56066115052184],[-79.84015683223907,8.5596425989043],[-79.84530668268978,8.557775406097933],[-79.85522012614685,8.555695949251179],[-79.86178616818374,8.554422808097133],[-79.85911335384976,8.554170208293618]]]}"
00000000000000000006,42223,-0.0081042509765625,0.0,-0.0081042509765625,"{""type"":""Polygon"",""coordinates"":[[[143.99216897696002,49.97156270028587],[143.9926839542918,49.97299794885768],[143.98993739383337,49.98282293496512],[143.98925079032642,49.99551509059022],[143.99388568995042,50.00478376515592],[143.99783376844522,50.012285668880075],[143.99886384009505,50.019676094653384],[143.9902807371326,50.02805795455881],[143.97414452911636,50.04492740402194],[143.98530255686646,50.02894010452989],[143.99525898264545,50.018683424818434],[143.99440061027326,50.01162378491278],[143.99199727541148,50.00809357212326],[143.98650422301284,49.997722061703605],[143.985817519215,49.98701719960223],[143.98890747544198,49.977745082836115],[143.99216897696002,49.97156270028587]]]}"
00000000000000000007,48430,0.012419204444316783,0.02472330894440295,-0.012304104500086168,"{""type"":""Polygon"",""coordinates"":[[[166.8930468994389,-15.169636256897695],[166.89854008748955,-15.16835225119353],[166.90102920241947,-15.167979463947088],[166.90583569637585,-15.168062300007731],[166.90978393256893,-15.168932198323006],[166.91489084161717,-15.170671805751509],[166.912401743559,-15.16889072884541],[166.9059215327699,-15.166819758255109],[166.89866884969635,-15.166488355133074],[166.8960510101583,-15.166964692181068],[166.89403394106316,-15.167855198772727],[166.88768250388327,-15.17087886748956],[166.88671687380096,-15.171955830407144],[166.8930468994389,-15.169636256897695]]]}"
00000000000000000008,71749,4.182859232172611,5.685250973180817,-1.5023917410082057,"{""type"":""Polygon"",""coordinates"":[[[-42.83818985773566,-2.5398138221785156],[-42.8102091230929,-2.555076544192043],[-42.77793677137774,-2.5607357265191095],[-42.74188784873219,-2.568109790991015],[-42.71098878376667,-2.5718825350705568],[-42.70000249607976,-2.5751408383306926],[-42.67820149504892,-2.595890716524948],[-42.65331060921814,-2.6176691556648226],[-42.65828877301988,-2.6068656778808594],[-42.676656557267535,-2.588173837088752],[-42.70171911997819,-2.564851479350969],[-42.717855266991144,-2.5549050419381576],[-42.74429115459378,-2.542557679279574],[-42.773301903514806,-2.543758106367432],[-42.79132634530047,-2.5437581380375183],[-42.813127360027714,-2.5425576984550773],[-42.83338334461881,-2.5396423094322387],[-42.83818985773566,-2.5398138221785156]]]}"
00000000000000000009,77603,-0.25245308128757704,0.5121469826315492,-0.7646000639191263,"{""type"":""Polygon"",""coordinates"":[[[-37.806213076609104,-4.397382895025014],[-37.81119130845845,-4.3953290354902],[-37.833850611182164,-4.3821498463480335],[-37.85874148481539,-4.370510924654518],[-37.90339833646862,-4.340924096572539],[-37.902025080703055,-4.346401467265146],[-37.86357296807066,-4.374814788717062],[-37.85493915404646,-4.380196657001909],[-37.83485473092113,-4.391321969412596],[-37.810908011985596,-4.399537503383067],[-37.80558648858415,-4.399280725514116],[-37.806213076609104,-4.397382895025014]]]}"
0000000000000000000a,87861,-0.3559705813806896,0.7772466945659565,-1.1332172759466461,"{""type"":""Polygon"",""coordinates"":[[[119.09420340976152,-19.99275998612291],[119.0978083117947,-19.984855224625687],[119.09300178633337,-19.969206011461925],[119.09849493319716,-19.96355901231199],[119.11051119258073,-19.96388169788119],[119.12647575054714,-19.968076594296384],[119.14261191544828,-19.9784021020339],[119.15016500693925,-19.986952459134823],[119.15153830407856,-20.00219670583961],[119.17411180109629,-19.998567213812],[119.17179435844018,-19.979047467802264],[119.18054905295712,-19.955975538793222],[119.19359534046103,-19.954200626921565],[119.21367969935582,-19.955814179034665],[119.23153245596052,-19.96097743027057],[119.24406382299811,-19.968076611908963],[119.25299020204403,-19.9735621057351],[119.28182924570244,-19.98049942414606],[119.3202814686112,-19.989210981207524],[119.32285635766529,-19.987920394064055],[119.28972571693943,-19.9767887868383],[119.26740975880953,-19.973078104490128],[119.2507585687841,-19.96662452459676],[119.22140445833719,-19.94984395025414],[119.18381064240673,-19.949359894679247],[119.15960641616539,-19.954846017457577],[119.12046757395552,-19.95952526390835],[119.10415979632744,-19.95710502522232],[119.08836695290411,-19.96162281584834],[119.08407540987498,-19.975336822122873],[119.08544868485936,-19.99292130330231],[119.079955510578,-20.004858223884458],[119.09420340976152,-19.99275998612291]]]}"
0000000000000000000b,132009,0.007757357177734375,0.00861928515625,-8.61927978515625E-4,"{""type"":""Polygon"",""coordinates"":[[[50.39606576834439,-15.613751850520078],[50.39984227940887,-15.602840013219224],[50.408597019719394,-15.586471117840254],[50.41288853205229,-15.583660198610877],[50.41786672587114,-15.575061707517703],[50.415978441701974,-15.574069593853324],[50.41177508616445,-15.581342691481117],[50.40567837216927,-15.586061272992383],[50.3994985565795,-15.600115456297052],[50.39675199545068,-15.606563507673481],[50.394691997252444,-15.612184722025178],[50.39606576834439,-15.613751850520078]]]}"
0000000000000000000c,135103,0.9910328147726619,1.7424237129095346,-0.7513908981368727,"{""type"":""Polygon"",""coordinates"":[[[-83.8143793405849,11.077812145888357],[-83.78176366881884,11.012778256194242],[-83.74228156177672,10.957505067598177],[-83.71859232997198,10.943685146101155],[-83.7065760231771,10.939640106380667],[-83.69009649489306,10.936943477888237],[-83.67087044356165,10.930201688641983],[-83.64855443970907,10.912335062127093],[-83.63344822560994,10.893793231346137],[-83.61490885106633,10.859740589253958],[-83.59568275839574,10.814555744571953],[-83.58516755490011,10.770517372663448],[-83.57452455439477,10.723632521258192],[-83.55426854252471,10.663582386388974],[-83.53126588487291,10.606557482556692],[-83.50105348858756,10.537708607474517],[-83.4528742113583,10.447051144780767],[-83.4206019115391,10.39606464860354],[-83.40027800112527,10.367716328518993],[-83.40027800112527,10.3748083483058],[-83.4459399188841,10.451212413231909],[-83.47821222879325,10.512992010972189],[-83.51098280520272,10.574693322244155],[-83.53467207062648,10.634423521349074],[-83.55844714979284,10.694732477133284],[-83.57286676868601,10.743982904477976],[-83.580076518312,10.775013300574821],[-83.57938982207894,10.797609516040094],[-83.58625628463848,10.812785120682676],[-83.59758599849987,10.838413296118818],[-83.60634069639828,10.851395166095438],[-83.61423715350988,10.868759653151155],[-83.6288837420168,10.89363824167133],[-83.64055669363985,10.912207551669043],[-83.65549124734125,10.924174916789406],[-83.67248572108952,10.93580464385801],[-83.68724862793128,10.93900696185835],[-83.70613131466074,10.94372614110324],[-83.72707400912606,10.952827090315418],[-83.7418369464972,10.965635454577452],[-83.76775781611005,10.99815942157276],[-83.78818547493569,11.030364028432485],[-83.81112381845263,11.077222000629085],[-83.8143793405849,11.077812145888357]]]}"
0000000000000000000d,145789,0.011526495422363281,0.011526495422363281,0.0,"{""type"":""Polygon"",""coordinates"":[[[-80.92088718106031,7.434854581458537],[-80.91949249152876,7.432599159196296],[-80.91681029510607,7.4336629856697245],[-80.91582321394029,7.440088761858689],[-80.91818123492389,7.447869217196991],[-80.92607772925896,7.459613761848498],[-80.93920978611449,7.471272931084245],[-80.94015388966866,7.469145317318478],[-80.92436105668267,7.453571320314812],[-80.92015541089884,7.443273432377475],[-80.92058449973068,7.438592494031244],[-80.92187200548508,7.436124345362152],[-80.92088718106031,7.434854581458537]]]}"
0000000000000000000e,147544,8.317713545736442,11.168244181882425,-2.850530636145982,"{""type"":""Polygon"",""coordinates"":[[[43.46215754614955,-21.642973371335486],[43.46627743062408,-21.64297338540905],[43.47383054526265,-21.61776081740138],[43.47520384883484,-21.59413997505686],[43.46730738503065,-21.54768285358948],[43.462500919660734,-21.52884122385888],[43.45941098692075,-21.508719525949722],[43.46284421731644,-21.49147007551162],[43.46387416951209,-21.458562848871942],[43.471770592068076,-21.433367834838197],[43.474173837989476,-21.40556173363745],[43.48138361155411,-21.385103323428496],[43.488593438372696,-21.356968295491896],[43.499236452333335,-21.335223939437025],[43.543181708702235,-21.303880796687128],[43.574767433571786,-21.28212854787025],[43.59262022344504,-21.273490680188925],[43.62077270098416,-21.2690116149756],[43.64446193338998,-21.27445052917256],[43.667121226919306,-21.27509037736289],[43.71312651691462,-21.26965153272915],[43.740248955805875,-21.26773190099228],[43.72548611012959,-21.256533547396305],[43.70385678538268,-21.255573595897648],[43.640685405556894,-21.25941315543103],[43.58026058326507,-21.266452130859598],[43.51159604169077,-21.2878868076068],[43.48825009859767,-21.3064396406394],[43.46078424879367,-21.366240683459836],[43.436751679929486,-21.397423777767173],[43.417182290347675,-21.430664484351695],[43.44121484120339,-21.493609218720874],[43.45666442267341,-21.551417726946916],[43.46490417380671,-21.587496446397314],[43.45735102286729,-21.636080052672646],[43.46215754614955,-21.642973371335486]]]}"
0000000000000000000f,158128,0.0014548697509765623,0.0014548697509765623,0.0,"{""type"":""Polygon"",""coordinates"":[[[150.1743176006377,-35.858382238260354],[150.15835312278955,-35.870902608444254],[150.14856839149118,-35.89079198435803],[150.1494267153341,-35.905809981328],[150.15440485162603,-35.90942501010395],[150.15869644069247,-35.90984212421873],[150.15509155696085,-35.914569185892674],[150.1566364577702,-35.92847071318076],[150.15955473918152,-35.93347462617187],[150.16315956273561,-35.93291866512561],[150.1607563660215,-35.93013870977025],[150.158181464158,-35.92152023626012],[150.15835312278955,-35.914152143235384],[150.16247299391458,-35.90928598075489],[150.16109968989466,-35.90622716178479],[150.15440485162603,-35.9058679480513],[150.1521732815399,-35.902530935857804],[150.15148659071693,-35.89390942354101],[150.15560652197746,-35.88153180041562],[150.16350289257727,-35.86998684500727],[150.1720859740606,-35.86289216213841],[150.17637749366042,-35.85913590038796],[150.1743176006377,-35.858382238260354]]]}"
00000000000000000010,162388,0.06282014099121093,0.06282014099121093,0.0,"{""type"":""Polygon"",""coordinates"":[[[131.3492950622955,33.573348941153334],[131.3540157696072,33.57370650261872],[131.35968057953778,33.577425029801844],[131.36440132392346,33.57642389537791],[131.36689036586165,33.57306284551083],[131.37152523766602,33.5739925096278],[131.3739284742577,33.576280872320716],[131.3800224679711,33.57563731592591],[131.39478537225114,33.57570878918791],[131.3965020046485,33.576781398484755],[131.38388486784973,33.57792556782748],[131.37641762512644,33.58100038805962],[131.37015194576006,33.58150094158528],[131.3612255249842,33.58021384014842],[131.35307162956687,33.576423923933866],[131.3492950622955,33.573348941153334]]]}"
00000000000000000011,165985,0.035703277526855495,0.06992298126220706,-0.03421970373535156,"{""type"":""Polygon"",""coordinates"":[[[23.37978612106179,-34.05327409567105],[23.386652601352196,-34.044597985349405],[23.396952228417824,-34.03336036591602],[23.415491716026548,-34.02112528265265],[23.44965227767191,-34.0056155624188],[23.421671484281323,-34.014011087527926],[23.401415451172625,-34.02582034764658],[23.386137579282135,-34.03713009251845],[23.380987789966362,-34.04260661036065],[23.374550426869277,-34.04815385701889],[23.377726189847007,-34.05085628854801],[23.37978612106179,-34.05327409567105]]]}"
00000000000000000012,211649,-0.022950052551269536,0.0,-0.022950052551269536,"{""type"":""Polygon"",""coordinates"":[[[168.2968522039659,-46.477617841555826],[168.29891217854066,-46.48057308758319],[168.30371866521367,-46.48045490514444],[168.3030319487844,-46.47489894228371],[168.30492032641502,-46.466504733995954],[168.2982255211979,-46.462957546436],[168.28964238103737,-46.45976482175546],[168.29753888020852,-46.4585823292958],[168.3226014036325,-46.457281490173855],[168.33169946696495,-46.454443252329185],[168.33667764369383,-46.450895307485375],[168.3359909758103,-46.44734705399497],[168.33084117609974,-46.44687395590906],[168.32740792580165,-46.44994914007638],[168.32088475529883,-46.454206723358496],[168.3092118260955,-46.45538937406438],[168.29256070767414,-46.45373367350837],[168.27968609753336,-46.459291809219174],[168.27024464023634,-46.45621717418497],[168.26063159481347,-46.46142034321025],[168.26972969883468,-46.46591353381409],[168.27590948203903,-46.46591359830723],[168.29084401131874,-46.46733240670243],[168.29462063768256,-46.47489891700979],[168.2968522039659,-46.477617841555826]]]}"
00000000000000000013,213107,0.039084315124511694,0.039084315124511694,0.0,"{""type"":""Polygon"",""coordinates"":[[[118.43749825737063,24.68452443354481],[118.43663987847864,24.681326903632137],[118.43904316780268,24.676569467545146],[118.4417039024068,24.669861876141688],[118.44814121759998,24.66798998545955],[118.453119427303,24.676179489134764],[118.44376381688976,24.682028817207666],[118.43749825737063,24.68452443354481]]]}"
00000000000000000014,227807,-4.288875765931406E-4,0.029319742085774744,-0.029748629662367885,"{""type"":""Polygon"",""coordinates"":[[[120.1745042645162,22.93369225169993],[120.17251520080012,22.92292594705873],[120.1712706224666,22.916087751011773],[120.17354519088076,22.91079221582466],[120.18079788121499,22.893396968093562],[120.18543270463414,22.884105965970356],[120.18247158368202,22.892803898490836],[120.17882370960079,22.90877519593122],[120.17702127135135,22.917273962074326],[120.17612008709115,22.924744561365895],[120.17603429325554,22.92834128799831],[120.17612008709115,22.935574138593907],[120.17491843983922,22.938459235205556],[120.1745042645162,22.93369225169993]]]}"
00000000000000000015,249328,0.03670909951770496,0.29758020358264625,-0.2608711040649413,"{""type"":""Polygon"",""coordinates"":[[[28.37248980545877,40.39823683420132],[28.38339037220029,40.395818239390515],[28.403045551520776,40.39339958952744],[28.425018217807605,40.39248444590127],[28.448278374353787,40.393661091623144],[28.46518700091934,40.39464160325266],[28.489477039794068,40.39464160721043],[28.507844836641343,40.393782920848864],[28.524410119513018,40.39044904940194],[28.544923703514016,40.382603848565346],[28.57007205127642,40.375346216896325],[28.60388934772922,40.36815322455985],[28.622428777734747,40.36501423763359],[28.632299346515108,40.36449104084182],[28.62826531958056,40.36579899403222],[28.60260187677305,40.36972268896566],[28.57676687880317,40.37547700320503],[28.55469137909624,40.38222979300793],[28.533491182390822,40.38955023007219],[28.52095993953287,40.39451840258759],[28.51495181619829,40.396348709011264],[28.50379374970409,40.39661024385991],[28.477019884847447,40.396806291613366],[28.45426066933626,40.39684433278371],[28.438467861017685,40.39573310885633],[28.42155919354857,40.394883341826045],[28.40476354174275,40.39524203291464],[28.386395769619817,40.39733378498019],[28.372920363661112,40.39962153327715],[28.37248980545877,40.39823683420132]]]}"
00000000000000000016,262402,0.007114739808564988,0.0487043372206744,-0.041589597412109415,"{""type"":""Polygon"",""coordinates"":[[[26.941844611650946,39.52829061645325],[26.94038547913618,39.53438096511299],[26.941758722469892,39.53888215379241],[26.94431220381521,39.54205936700218],[26.947605845870118,39.543565137332564],[26.950084331590226,39.54536866177245],[26.952609683709102,39.54679913255872],[26.953160926986175,39.54829577272665],[26.95453426757224,39.55259747529769],[26.953289753843276,39.55603870292811],[26.95178766736757,39.5574945954559],[26.951873462664285,39.551406277336106],[26.94732446745885,39.54723677675081],[26.93985720260199,39.543728947559174],[26.93685309906155,39.53770567819113],[26.937539778133672,39.53236901166256],[26.940028802776233,39.5285293721284],[26.941108353373906,39.52688731875468],[26.941844611650946,39.52829061645325]]]}"
00000000000000000017,262538,0.4049116087318574,0.5068126701942597,-0.10190106146240228,"{""type"":""Polygon"",""coordinates"":[[[20.159056110223197,39.52977394299076],[20.156309514377313,39.528913337465816],[20.151288414026915,39.529740851298655],[20.143563695789194,39.529575334716135],[20.139958751553102,39.5328852596539],[20.140559589531456,39.53659229544357],[20.144936969173212,39.5424832834386],[20.147254362359114,39.54638832957356],[20.1482843676778,39.55294028895782],[20.14794100211925,39.56180765008628],[20.152060853868146,39.57424651583294],[20.15137421034145,39.58364038960227],[20.14742604496157,39.58708001698377],[20.145022764761446,39.5910487249228],[20.151889261092197,39.59528165478878],[20.150515974979257,39.59753029617287],[20.14347780948328,39.59607530535406],[20.137812970498985,39.59078411097575],[20.13935791405861,39.5816558562583],[20.146052767013384,39.57504038843744],[20.14382117299607,39.56286636506739],[20.14291968506263,39.552393803300006],[20.14000146729115,39.54537843200414],[20.134851602850688,39.535714665084356],[20.1341649751277,39.529227287931676],[20.143434639121587,39.525122661532244],[20.154420985594804,39.52551987400291],[20.160600824834038,39.52843285621074],[20.159056110223197,39.52977394299076]]]}"
00000000000000000018,264925,0.004172352416992188,0.0100133955078125,-0.005841043090820312,"{""type"":""Polygon"",""coordinates"":[[[107.58914948044516,21.292527016930933],[107.57721909727906,21.290687617687773],[107.57219803190429,21.292207168197823],[107.56786367405016,21.288608369944427],[107.56468796446501,21.292207098347372],[107.55996736010019,21.295565878777285],[107.55327260569534,21.299724180990534],[107.5457195490153,21.299884100540712],[107.54082701071417,21.293726998232696],[107.51688061912445,21.295485873418528],[107.51533594527618,21.285249589823273],[107.53747989732221,21.282290325025066],[107.53953978639784,21.277491630051145],[107.54983937988194,21.280850777093715],[107.55601919998847,21.27973103331255],[107.55790740396328,21.281330612969818],[107.54983937988194,21.28325004608616],[107.54142805459361,21.281490533950834],[107.54194305556332,21.2867689631395],[107.54726448943661,21.29028777747177],[107.55258593895107,21.292047117786517],[107.55739246254883,21.287088878311],[107.56408713924448,21.283410043939675],[107.57696165309197,21.28005095482261],[107.59052273148481,21.283729933068784],[107.60288221423725,21.287728606921426],[107.60305389023387,21.29236707043438],[107.58914948044516,21.292527016930933]]]}"
00000000000000000019,275141,0.09000558917236336,0.09119786968994148,-0.001192280517578125,"{""type"":""Polygon"",""coordinates"":[[[-124.41706944689417,48.57666825250682],[-124.41663724577612,48.575218205125296],[-124.40916999656932,48.569652561623045],[-124.40582855583833,48.56494239750272],[-124.40711606704899,48.559148452125875],[-124.40642943244299,48.55778503544982],[-124.40248122385314,48.55858038593837],[-124.40050709542592,48.560000555124084],[-124.40196622465791,48.56142063248745],[-124.40222362961018,48.568066288801695],[-124.407845656118,48.573830842417365],[-124.4150125274138,48.577436869953225],[-124.41706944689417,48.57666825250682]]]}"
0000000000000000001a,295697,-0.034161075439453126,0.0,-0.034161075439453126,"{""type"":""Polygon"",""coordinates"":[[[120.44810429027538,17.43271467110817],[120.4493568714639,17.429454459472847],[120.45201766503835,17.4243772295281],[120.45440478187626,17.41976052269763],[120.4579238481431,17.411570921319942],[120.45886800363789,17.40370849659278],[120.45981215219606,17.397524841601165],[120.46067042309623,17.401333370646444],[120.4608420765883,17.407066492256508],[120.46006967801439,17.410588115337372],[120.45354646913758,17.42582058037343],[120.45067114564579,17.43036547947724],[120.44810429027538,17.43271467110817]]]}"
0000000000000000001b,296274,-0.008539114661841297,8.545874633789063E-4,-0.009393702125220204,"{""type"":""Polygon"",""coordinates"":[[[82.61000676602916,17.287967002722052],[82.65000385344152,17.313452609226626],[82.63618511668723,17.306241612161763],[82.61069338754781,17.291409018960188],[82.58901563019836,17.278364736621405],[82.61000676602916,17.287967002722052]]]}"
0000000000000000001c,299177,-0.15092979732259115,0.008950766153971355,-0.15988056347656251,"{""type"":""Polygon"",""coordinates"":[[[15.08969275226982,37.42289860002271],[15.090808531292243,37.40701465501806],[15.088576891653943,37.4042875003897],[15.088315790824623,37.40046694727728],[15.088741295293993,37.397055508094105],[15.089077328641547,37.387709693640865],[15.090193103466229,37.3744784227574],[15.091265977913444,37.36666798281781],[15.092253042891338,37.38641395300897],[15.093111388374371,37.40223765540062],[15.093283022328434,37.41014643922745],[15.090879806529957,37.421871825199545],[15.08969275226982,37.42289860002271]]]}"
0000000000000000001d,314898,2.558012202521593,2.560926299055275,-0.0029140965336818324,"{""type"":""Polygon"",""coordinates"":[[[120.05609253511602,15.078693872558944],[120.05643592994787,15.074218569560317],[120.05746584470239,15.0599631840471],[120.05677923574136,15.053498215279019],[120.05368927576367,15.046701565133244],[120.05111440191075,15.038246799821746],[120.05162700013572,15.033107493436837],[120.05712016027405,15.028299603235741],[120.06192668992709,15.021999490350872],[120.06364322827777,15.007906449276142],[120.06535983288516,14.997294596146276],[120.06656149597002,15.016362430743676],[120.06415824722306,15.028133864534917],[120.06158330910166,15.038080984942523],[120.06209833593165,15.043386015914548],[120.06226998171724,15.056035260907384],[120.06072498544498,15.067970235689979],[120.05797841875507,15.07857854787062],[120.05609253511602,15.078693872558944]]]}"
0000000000000000001e,323297,0.0021769937744140627,0.01960948205566406,-0.01743248828125,"{""type"":""Polygon"",""coordinates"":[[[32.80854163909198,36.023432073311454],[32.82030041250477,36.03398288566979],[32.83729486774966,36.0409928539747],[32.84562049926126,36.049251341153486],[32.83944062953671,36.04522633579542],[32.81781129412258,36.03870255813813],[32.80785498335594,36.02954060170617],[32.804593391146994,36.022113171726474],[32.80854163909198,36.023432073311454]]]}"
0000000000000000001f,331379,-0.015223667474006202,0.0,-0.015223667474006202,"{""type"":""Polygon"",""coordinates"":[[[-64.36480204985995,45.110278508697526],[-64.353129096569,45.10264561422024],[-64.34634841056696,45.10070692418177],[-64.34034036455277,45.106219870926886],[-64.34076948229325,45.108218905916765],[-64.35870810922289,45.10961212422021],[-64.36608954468728,45.11421571998357],[-64.36917946863923,45.11227739942408],[-64.36480204985995,45.110278508697526]]]}"
00000000000000000020,382322,0.006151358703613281,0.006151358703613281,0.0,"{""type"":""Polygon"",""coordinates"":[[[122.9487886141185,10.716921033378835],[122.9465570639039,10.722327255540689],[122.94741531866025,10.724161457730766],[122.94805906937336,10.725573982282611],[122.95102020051537,10.724857155433988],[122.95582673675226,10.724266861466525],[122.95947455368263,10.724814991015476],[122.96033286948047,10.726838969971535],[122.95689964801875,10.726248679440111],[122.95020487516153,10.727344928124221],[122.94617079097932,10.727766592974321],[122.94471165798647,10.725826977778263],[122.94479754555795,10.721357413709033],[122.94762990269159,10.717309470655827],[122.9487886141185,10.716921033378835]]]}"
00000000000000000021,383601,0.3986652502056045,0.5657261196784523,-0.16706086947284782,"{""type"":""Polygon"",""coordinates"":[[[107.8346435553447,10.706160113115065],[107.83103873547743,10.706244499383978],[107.81794701416807,10.698942879474627],[107.80867737160543,10.690424576042536],[107.79889263787034,10.68013482408797],[107.78859295713231,10.666976856213312],[107.78026741625828,10.658373265910766],[107.77271427525392,10.652890524009306],[107.7558056749037,10.642093363530481],[107.7515140552498,10.640068833095588],[107.74404679649545,10.638297370862507],[107.73958359501603,10.637453789992453],[107.72954140259921,10.632729875188218],[107.72233167621646,10.632223725159585],[107.7152076925082,10.633404746166752],[107.71040119320118,10.633995162774381],[107.70233308837987,10.63197066478275],[107.71838343163884,10.630705264672352],[107.72911233199471,10.629692997955853],[107.74439014347183,10.635682331602226],[107.75932469631697,10.64082799546598],[107.76996768733683,10.6465641149142],[107.7784648915191,10.646648451083035],[107.78541724013427,10.65786717763192],[107.79701625217571,10.67312840018785],[107.81246582626922,10.692105672297258],[107.82259383271081,10.699527493014534],[107.8346435553447,10.706160113115065]]]}"
00000000000000000022,412843,0.03177948712158204,0.04590504589843751,-0.014125558776855472,"{""type"":""Polygon"",""coordinates"":[[[80.0981894507351,9.159348590781738],[80.09973433057743,9.159518091058196],[80.10136517271809,9.162822829503867],[80.10149385930191,9.169304990646342],[80.10265262645157,9.172906161877957],[80.10385424392575,9.174770291028292],[80.1045408627762,9.179345820253786],[80.10704560735272,9.182596563816556],[80.10704560735272,9.187087211057648],[80.10756065942732,9.197085238314523],[80.10944887327052,9.203778589821482],[80.1078180990918,9.204456401903428],[80.10498570910103,9.201067406248846],[80.1036123877996,9.19437391320714],[80.10447072683355,9.18674831768618],[80.10455654322216,9.183867475358658],[80.10283994352746,9.179630998055776],[80.1019816734531,9.176156979751644],[80.09966419071853,9.171242465223695],[80.09943536222748,9.166510602363935],[80.09917789748873,9.161934899540887],[80.0981894507351,9.159348590781738]]]}"
00000000000000000023,422862,0.030974713928222652,0.030974713928222652,0.0,"{""type"":""Polygon"",""coordinates"":[[[126.31348427341477,8.227719039950644],[126.3137942320138,8.22727249915365],[126.31924451806734,8.230373035442883],[126.32862140535508,8.239334651511223],[126.33365451666708,8.247978448829102],[126.33082207845005,8.24615215093209],[126.327260091621,8.242542015772067],[126.32532895901956,8.239951274938935],[126.3218527973776,8.238167432314937],[126.31717499822905,8.233707745424905],[126.31408508583228,8.230649698634751],[126.31348427341477,8.227719039950644]]]}"
00000000000000000024,472086,0.2978207782492242,0.502106719604492,-0.20428594135526784,"{""type"":""Polygon"",""coordinates"":[[[98.51634154266908,4.0188485771282325],[98.50964669138081,4.020047225068817],[98.4955705181132,4.029294126067326],[98.48921900925004,4.033403796818174],[98.47445616367297,4.039397045866808],[98.46106654513935,4.042136780065446],[98.43909388023094,4.045561483972111],[98.42021114707768,4.056691585714133],[98.40321669350041,4.071759806673694],[98.40853819205515,4.061968261949479],[98.42398771453473,4.047756012911213],[98.43514567297785,4.041420435013203],[98.44252709826793,4.039194340694588],[98.45626003490575,4.039194368365577],[98.46467146219219,4.038338194852715],[98.47239620884173,4.0347422174243395],[98.48818907397894,4.029947612732996],[98.48750240246227,4.004946615942953],[98.49402553211979,3.999809340440656],[98.49745874705744,4.012138795023794],[98.50844509707794,4.013851154976208],[98.51874475046925,4.014536125828887],[98.51634154266908,4.0188485771282325]]]}"
00000000000000000025,574716,0.00954525699845856,0.017454082295735675,-0.007908825297277114,"{""type"":""Polygon"",""coordinates"":[[[99.14315581333284,-1.8007860469053696],[99.14452915842675,-1.80001398463444],[99.1425979355664,-1.794866693551548],[99.14319879862637,-1.7918640416662026],[99.14671784391167,-1.7875317093252274],[99.15521506423,-1.7830706869616155],[99.16839003706131,-1.779896479231028],[99.1900623403013,-1.7795533783927773],[99.1866720241208,-1.7787812266630425],[99.16589918530144,-1.7790367088919983],[99.15594280224195,-1.7808811652445053],[99.15092166274978,-1.7822966467071888],[99.14718808635483,-1.7843341569159765],[99.14489213353653,-1.7869721837254728],[99.141780718375,-1.7916047523971514],[99.14109406646354,-1.795250800351765],[99.14190950321085,-1.7974383694734284],[99.14315581333284,-1.8007860469053696]]]}"
00000000000000000026,620926,0.020436284174900423,0.02221744560714422,-0.001781161432243796,"{""type"":""Polygon"",""coordinates"":[[[119.013370520413,-3.526006481764513],[119.01847739733854,-3.5210376959474132],[119.02414230024176,-3.515426356112193],[119.0228547881982,-3.5138843384126175],[119.02092363307938,-3.5140128302164824],[119.01963618283392,-3.515255070233669],[119.01834872179076,-3.5183391081846382],[119.01534457444032,-3.5226653852409417],[119.01298430299818,-3.525492486579583],[119.013370520413,-3.526006481764513]]]}"
00000000000000000027,632150,0.005811890940707338,0.00624201611328125,-4.3012517257391236E-4,"{""type"":""Polygon"",""coordinates"":[[[121.60903438967,-4.162902854375043],[121.61195266995836,-4.160677096765284],[121.61478503909831,-4.156739323090481],[121.6174638633902,-4.152576380097782],[121.61827919818325,-4.148895374282276],[121.61793586338301,-4.1441014522930715],[121.61815044775486,-4.14110516628366],[121.61836503172105,-4.140334762942823],[121.6180216971804,-4.1372935842883765],[121.61733511203711,-4.132970433769686],[121.61772127860556,-4.130445037579959],[121.61647676595204,-4.127962378124833],[121.61561850043246,-4.1244241957890635],[121.614019823233,-4.120035479785734],[121.6118204300668,-4.115903581776605],[121.61149857894364,-4.1187501183942175],[121.61409495216338,-4.122367058074163],[121.61508198325193,-4.126904287008666],[121.61589742220342,-4.134694644568055],[121.6164553507436,-4.144796230076221],[121.6156828335734,-4.153487261990787],[121.6112196463698,-4.1591799879149995],[121.60903438967,-4.162902854375043]]]}"
00000000000000000028,654755,-0.02072977581069049,6.281727366727941E-4,-0.021357948547363285,"{""type"":""Polygon"",""coordinates"":[[[120.22612887973955,-5.539524963419986],[120.23329574980997,-5.5393968369845465],[120.23977594785886,-5.53815812733312],[120.24484000409737,-5.53798724582354],[120.25518259304307,-5.536791203965095],[120.2602465847693,-5.535680600611145],[120.24514039019054,-5.536663053137679],[120.2421792858824,-5.536321340412001],[120.24033386637676,-5.536577630563135],[120.23621400020924,-5.537987241929966],[120.22475563352145,-5.539055071150066],[120.22612887973955,-5.539524963419986]]]}"
00000000000000000029,667218,-0.04159245781632965,0.0,-0.04159245781632965,"{""type"":""Polygon"",""coordinates"":[[[155.42779023459053,-6.105360421068581],[155.43534334220365,-6.114406820077776],[155.44323980428464,-6.126013245015097],[155.4497629451815,-6.141032987222423],[155.45559939973532,-6.1471772836259495],[155.45079285335,-6.137619454824156],[155.4471880055509,-6.129768235056187],[155.44220982570207,-6.117991163469034],[155.4389482601783,-6.114065403897851],[155.4301934922981,-6.105872485227103],[155.42779023459053,-6.105360421068581]]]}"
0000000000000000002a,674974,0.268220136475806,0.2732796592893113,-0.005059522813505285,"{""type"":""Polygon"",""coordinates"":[[[146.9490551945879,-6.831078883822874],[146.9518018222105,-6.805000464827689],[146.96381810673,-6.760680902741047],[146.96450475134648,-6.749600371477311],[146.97188618029676,-6.747895611463886],[146.9748043892008,-6.743207609353436],[146.97351695121336,-6.740820976984209],[146.96647881665726,-6.745082839035358],[146.9596987682603,-6.746189830571853],[146.95832555029364,-6.761702580185113],[146.95248898484527,-6.780453681453723],[146.94948494862928,-6.7973909328734665],[146.94485007577083,-6.830628470641668],[146.9490551945879,-6.831078883822874]]]}"
0000000000000000002b,718850,-0.009809302110619639,0.0,-0.009809302110619639,"{""type"":""Polygon"",""coordinates"":[[[114.35694834381123,-8.34646678348368],[114.36277349154892,-8.338085886371614],[114.36191519324998,-8.334349243600874],[114.36002694882676,-8.32279944120916],[114.36208683491863,-8.31575043390318],[114.36019859128268,-8.318468095039481],[114.35745203138778,-8.326875874105827],[114.35736616426028,-8.330527696971687],[114.35925442088137,-8.334264381503731],[114.35942606365921,-8.337916058380227],[114.35599283182668,-8.343945599431033],[114.35401878311852,-8.349380566995631],[114.351958856716,-8.356089299867346],[114.35694834381123,-8.34646678348368]]]}"
