BasinID,.geo
149,"{""type"":""Polygon"",""coordinates"":[[[39.79062551383309,64.63101425348462],[39.81534475211434,64.61276831324925],[39.83457082633309,64.64954193958259],[39.86066335562997,64.68421059331202],[39.94649404410653,64.69536564496279],[40.04262441520028,64.74023295886992],[40.181326807778404,64.76893243573491],[40.403799952309654,64.79467742528696],[40.40791982535653,64.81513885921906],[40.35298818473153,64.82799238390047],[40.120902003090904,64.78765850038872],[39.93001455191903,64.76366338861641],[39.799551905434654,64.68626581632292],[39.78169912223153,64.64277932868623],[39.79062551383309,64.63101425348462]]]}"
2769,"{""type"":""Polygon"",""coordinates"":[[[6.035535647126182,36.85155440759504],[6.07330115005587,36.86570139137025],[6.099737002106651,36.87641289867711],[6.142309023591026,36.8906925718831],[6.125314547272667,36.887672094490284],[6.07827932998751,36.872018615838115],[6.060426546784385,36.8655640546023],[6.035535647126182,36.85155440759504]]]}"
3018,"{""type"":""Polygon"",""coordinates"":[[[141.79697674677342,58.78495354264115],[141.80452984735936,58.787800267099556],[141.84881848261327,58.82016533259022],[141.88006085321874,58.846461924098485],[141.8941370861289,58.87043128130194],[141.93705243036717,58.92399155829809],[141.91816967890233,58.905556327851386],[141.88212078974217,58.867258139620674],[141.8677012340781,58.84932542884946],[141.8622080700156,58.84275369499585],[141.8289057628867,58.81360991403855],[141.79697674677342,58.786042956651535],[141.79697674677342,58.78495354264115]]]}"
7818,"{""type"":""Polygon"",""coordinates"":[[[-3.2084757714209733,35.223249849588946],[-3.206158342832106,35.22198775129041],[-3.201437654965895,35.22310961741396],[-3.197146120542067,35.225353303134796],[-3.1913954644141374,35.227316477251364],[-3.176203432553786,35.23664090564385],[-3.169336977475661,35.24273976391813],[-3.1813532738623795,35.234888275333965],[-3.192854586118239,35.228788826668435],[-3.202295961850661,35.22521307459469],[-3.2084757714209733,35.223249849588946]]]}"
20123,"{""type"":""Polygon"",""coordinates"":[[[-71.05319403540152,9.760198067384986],[-71.05838679205435,9.768276158410165],[-71.05714224707144,9.764004522128834],[-71.05113409887808,9.751020103205365],[-71.04607008825796,9.74738268342611],[-71.03886031042593,9.741207438086949],[-71.02967642675894,9.727080077397206],[-71.03087805639761,9.7298717589125],[-71.03323840033072,9.73659707768409],[-71.03718661200064,9.742560926297113],[-71.04214498896835,9.747704794303225],[-71.04712316889999,9.750665484965685],[-71.04956934352157,9.753034018567165],[-71.0521871795201,9.75840545204484],[-71.05319403540152,9.760198067384986]]]}"
26952,"{""type"":""Polygon"",""coordinates"":[[[-79.85911332423888,8.55417024440259],[-79.8373981600543,8.557989639851536],[-79.83370744044981,8.559856885905397],[-79.81602631862364,8.566604357778086],[-79.82117615993224,8.565501005781599],[-79.8243948107501,8.564652271298884],[-79.83307581134717,8.56167962671942],[-79.83813982196729,8.560661134884443],[-79.84015684314649,8.559642640324087],[-79.84530668445508,8.557775393219389],[-79.85522012897412,8.555695948166468],[-79.86178617664258,8.55442281293831],[-79.85911332423888,8.55417024440259]]]}"
42223,"{""type"":""Polygon"",""coordinates"":[[[143.99216901522877,49.97156269986886],[143.99268399935963,49.972997970237635],[143.98993741732838,49.982822902334846],[143.98925077182056,49.995515068433036],[143.9938856289983,50.0047837513076],[143.99783384066822,50.01228566203169],[143.99886380892994,50.019676105316904],[143.99028074008228,50.02805791874163],[143.9741445706487,50.044927396951344],[143.98530256015064,50.02894012981408],[143.99525892001392,50.01868342529452],[143.99440061312916,50.01162377583365],[143.99199735385181,50.00809356214674],[143.98650418978931,49.9977220597675],[143.9858175442815,49.98701720600674],[143.98890744906666,49.97774509803822],[143.99216901522877,49.97156269986886]]]}"
48430,"{""type"":""Polygon"",""coordinates"":[[[166.89304691082265,-15.1696363012608],[166.89854007488515,-15.16835227822291],[166.90102916485097,-15.167979495879717],[166.90583568340566,-15.168062336457249],[166.90978389507558,-15.168932160560901],[166.91489082103993,-15.170671798027916],[166.9124017310741,-15.168890740446665],[166.90592151409413,-15.166819724384993],[166.89866882091786,-15.166488359931927],[166.89605099241268,-15.166964706899693],[166.89403396374013,-15.167855234952539],[166.88768249279286,-15.17087889677244],[166.8867169054335,-15.17195582191517],[166.89304691082265,-15.1696363012608]]]}"
71749,"{""type"":""Polygon"",""coordinates"":[[[-42.83818989429739,-2.53981379489628],[-42.810209089854034,-2.5550765591889304],[-42.77793675098685,-2.560735740348666],[-42.74188786182669,-2.5681097873725665],[-42.71098881397513,-2.571882539164708],[-42.70000248585013,-2.5751408158240174],[-42.67820149097708,-2.5958906975312757],[-42.65331059131888,-2.617669132492236],[-42.65828877125052,-2.606865703990269],[-42.6766565385845,-2.588173839021922],[-42.70171909961966,-2.5648514927664556],[-42.71785526905325,-2.5549050684610957],[-42.744291121104034,-2.542557675962374],[-42.77330189380911,-2.5437581220943386],[-42.79132633838919,-2.5437581220943386],[-42.81312733326224,-2.542557675962374],[-42.833383375742706,-2.539642302136058],[-42.83818989429739,-2.53981379489628]]]}"
77603,"{""type"":""Polygon"",""coordinates"":[[[-37.80621311216235,-4.397382882773038],[-37.81119129209399,-4.395329007345971],[-37.8338505938518,-4.382149838808862],[-37.85874149351,-4.37051089937611],[-37.903398369165245,-4.340924100781981],[-37.90202507814962,-4.346401486858703],[-37.86357292971212,-4.374814787304033],[-37.85493912069843,-4.380196654294339],[-37.83485473959492,-4.391321970838886],[-37.810907977509956,-4.3995374827499525],[-37.80558647482441,-4.399280749373729],[-37.80621311216235,-4.397382882773038]]]}"
87861,"{""type"":""Polygon"",""coordinates"":[[[119.09420339712698,-19.992759953324114],[119.09780828604299,-19.98485525397228],[119.0930017674883,-19.969206006072096],[119.0984949315508,-19.963558988836425],[119.11051122793752,-19.963881680982528],[119.12647573599416,-19.9680766188016],[119.14261190542776,-19.97840214412902],[119.1501650060137,-19.9869524577665],[119.15153829702932,-20.002196676823484],[119.17411176809865,-19.998567234723776],[119.17179433950979,-19.97904746700507],[119.1805490697344,-19.955975533373643],[119.19359533438283,-19.95420062945836],[119.21367971548635,-19.95581417929721],[119.23153249868948,-19.96097742790199],[119.24406377920705,-19.9680766188016],[119.25299017080862,-19.973562138338803],[119.28182928213674,-19.98049943381475],[119.32028143057424,-19.9892109537056],[119.32285635122854,-19.98792038856265],[119.28972570547658,-19.9767888253788],[119.26740972647268,-19.973078129586177],[119.25075857290823,-19.966624537568435],[119.22140447744924,-19.949843962489147],[119.1838106358965,-19.94935988095831],[119.15960638174612,-19.95484605137373],[119.1204675878008,-19.95952528131058],[119.10415975699026,-19.957105007288963],[119.08836691031057,-19.961622822096423],[119.08407537588674,-19.975336824384467],[119.08544866690237,-19.992921269588358],[119.07995550283987,-20.004858214508744],[119.09420339712698,-19.992759953324114]]]}"
132009,"{""type"":""Polygon"",""coordinates"":[[[50.396065746577875,-15.61375184553272],[50.399842296870844,-15.602839991189539],[50.40859702709545,-15.586471121597695],[50.41288856151928,-15.583660174327873],[50.41786674145092,-15.575061743947474],[50.41597846630444,-15.574069594216093],[50.41177511448875,-15.581342702876453],[50.40567836387982,-15.586061239280564],[50.39949855430951,-15.60011542653693],[50.39675197227826,-15.606563496274028],[50.39469203575482,-15.612184725027191],[50.396065746577875,-15.61375184553272]]]}"
135103,"{""type"":""Polygon"",""coordinates"":[[[-83.81437935700264,11.0778121461187],[-83.78176369538154,11.012778280378777],[-83.74228157868232,10.957505047006357],[-83.71859230866279,10.943685123344986],[-83.70657601227607,10.939640145667557],[-83.69009652008857,10.936943463216167],[-83.67087044586982,10.930201649797105],[-83.64855446686592,10.912335103560467],[-83.63344826569404,10.893793212309985],[-83.6149088369831,10.859740551105755],[-83.59568276276435,10.814555781462156],[-83.5851675770394,10.770517369552987],[-83.5745245716683,10.723632553511402],[-83.55426852918784,10.663582397932633],[-83.53126590467612,10.606557516022187],[-83.50105350233237,10.537708591941124],[-83.45287421249284,10.44705116730998],[-83.42060187362566,10.396064641513552],[-83.40027798098068,10.367716358099168],[-83.40027798098068,10.374808341779246],[-83.4459399072502,10.451212432518181],[-83.4782122461174,10.512992005074212],[-83.51098280183038,10.574693288193291],[-83.53467207184991,10.63442353632963],[-83.55844717255792,10.694732474018247],[-83.57286672822198,10.743982911684082],[-83.58007650605401,10.775013311202422],[-83.5793898605462,10.797609524959903],[-83.58625631562433,10.812785132629458],[-83.59758596650323,10.83841330423738],[-83.60634069672784,10.851395159307806],[-83.61423712006768,10.868759616280359],[-83.62888373411094,10.893638203047697],[-83.64055670774376,10.912207542138592],[-83.65549124753868,10.924174881097816],[-83.67248572385704,10.93580464969079],[-83.687248602275,10.939006969671489],[-83.70613135373985,10.9437261150094],[-83.72707404172813,10.952827111608045],[-83.7418369201461,10.965635447647788],[-83.76775778806602,10.998159385345765],[-83.78818549192344,11.030364050085597],[-83.81112381527795,11.077221968927157],[-83.81437935700264,11.0778121461187]]]}"
145789,"{""type"":""Polygon"",""coordinates"":[[[-80.92088722136853,7.434854545081034],[-80.91949247643078,7.432599152506877],[-80.91681027669749,7.433663015447523],[-80.9158232107484,7.44008872217424],[-80.91818126703456,7.44786923577353],[-80.9260776903744,7.459613782651549],[-80.93920978571131,7.471272912329666],[-80.94015392328456,7.469145357114801],[-80.92436107660487,7.453571337725385],[-80.92015537286952,7.443273457819153],[-80.9205845263119,7.438592523358925],[-80.92187198663905,7.436124374173734],[-80.92088722136853,7.434854545081034]]]}"
147544,"{""type"":""Polygon"",""coordinates"":[[[43.46215756117267,-21.642973370637467],[43.46627743421954,-21.642973370637467],[43.47383053480548,-21.617760805797005],[43.475203825821104,-21.59413998409131],[43.46730740248126,-21.547682839521038],[43.46250088392657,-21.528841223697757],[43.45941097914142,-21.508719511410046],[43.46284420668048,-21.491470112566187],[43.4638741749422,-21.458562812272792],[43.47177059828204,-21.433367830796374],[43.474173857559386,-21.40556175499274],[43.48138363539142,-21.38510333270105],[43.48859341322345,-21.356968330996843],[43.49923641859454,-21.335223946705373],[43.54318173109454,-21.30388078156514],[43.57476742445392,-21.282128532238097],[43.59262020765704,-21.2734907172356],[43.620772673477354,-21.2690116505658],[43.644461943496886,-21.274450499500706],[43.6671212452547,-21.27509035086627],[43.713126494278136,-21.269651525578553],[43.74024899183673,-21.26773189219527],[43.72548611341876,-21.256533531908392],[43.70385677992267,-21.255573632829687],[43.64068539320392,-21.25941319160849],[43.58026058851642,-21.266452122698464],[43.51159603773517,-21.2878867937958],[43.48825009046954,-21.306439658083214],[43.46078427015704,-21.36624069012735],[43.436751677383604,-21.397423776716597],[43.41718228041095,-21.430664456964877],[43.441214873184386,-21.49360922378521],[43.45666439711017,-21.551417734496457],[43.46490414320392,-21.587496458595812],[43.45735104261798,-21.636080016859076],[43.46215756117267,-21.642973370637467]]]}"
158128,"{""type"":""Polygon"",""coordinates"":[[[150.17431759155573,-35.85838225290712],[150.1583530834991,-35.87090259864909],[150.14856838501277,-35.89079196840204],[150.14942669189753,-35.90580999991593],[150.15440487182917,-35.90942502638631],[150.158696406253,-35.90984213419762],[150.15509151733698,-35.914569202381706],[150.15663646972956,-35.92847070703448],[150.15955471313777,-35.933474650515926],[150.16315960205378,-35.93291867243591],[150.16075634277644,-35.930138723384914],[150.15818142212214,-35.921520260144305],[150.1583530834991,-35.91415211949127],[150.16247295654597,-35.90928598996057],[150.16109966553034,-35.90622712678347],[150.15440487182917,-35.905867987576784],[150.15217327392878,-35.90253089592776],[150.15148662842097,-35.893909424555005],[150.15560650146784,-35.881531800095864],[150.1635029248077,-35.8699868788611],[150.17208599365534,-35.86289217713561],[150.17637752807917,-35.85913590144552],[150.17431759155573,-35.85838225290712]]]}"
162388,"{""type"":""Polygon"",""coordinates"":[[[131.3492950897591,33.57334891530576],[131.3540157776253,33.573706476012475],[131.35968060306476,33.57742501956387],[131.36440129093097,33.576423888982035],[131.3668903808968,33.57306286567405],[131.37152523807453,33.57399252351147],[131.37392849735187,33.57628086937958],[131.3800224762337,33.57563727823589],[131.39478535465167,33.57570878859993],[131.3965019684212,33.576781436951414],[131.38388485721515,33.57792558050028],[131.3764175873177,33.581000391133685],[131.3701519470589,33.58150093133353],[131.36122555545734,33.58021382209685],[131.35307164005206,33.576423888982035],[131.3492950897591,33.57334891530576]]]}"
165985,"{""type"":""Polygon"",""coordinates"":[[[23.379786121477117,-34.05327411450348],[23.386652576555242,-34.04459798123406],[23.39695225917243,-34.03336035816946],[23.415491687883367,-34.021125303914275],[23.44965230189704,-34.005615549370575],[23.42167149745368,-34.01401108935941],[23.40141545497321,-34.02582035889898],[23.386137592424383,-34.037130106536374],[23.38098775111579,-34.04260661227535],[23.374550449480047,-34.048153880923984],[23.37772618495368,-34.050856264958014],[23.379786121477117,-34.05327411450348]]]}"
211649,"{""type"":""Polygon"",""coordinates"":[[[168.29685219148516,-46.47761786806325],[168.2989121280086,-46.48057310099788],[168.30371864656328,-46.48045489476222],[168.30303200105547,-46.47489891200342],[168.30492027620195,-46.46650475587484],[168.29822548250078,-46.46295754026545],[168.28964241365313,-46.45976484859533],[168.29753883699297,-46.458582322687384],[168.32260139802813,-46.457281514525896],[168.33169945100664,-46.454443279763204],[168.33667763093828,-46.450895278283745],[168.33599098543047,-46.44734704566284],[168.33084114412188,-46.446873930515956],[168.3274079165828,-46.449949105518726],[168.3208847842586,-46.45420675352228],[168.30921181062578,-46.455389374454015],[168.29256065706133,-46.45373369795855],[168.27968605378985,-46.459291841313984],[168.27024467805742,-46.45621719382533],[168.26063164094805,-46.46142034172074],[168.26972969392656,-46.46591356932436],[168.27590950349688,-46.46591356932436],[168.2908440432918,-46.46733240625921],[168.29462059358477,-46.47489891200342],[168.29685219148516,-46.47761786806325]]]}"
213107,"{""type"":""Polygon"",""coordinates"":[[[118.43749822063658,24.684524418838052],[118.43663991375182,24.681326887589883],[118.43904317302916,24.67656943323321],[118.44170392437194,24.669861894180485],[118.44814122600768,24.6679899584397],[118.45311940593932,24.676179469909318],[118.44376386089537,24.682028791718448],[118.43749822063658,24.684524418838052]]]}"
227807,"{""type"":""Polygon"",""coordinates"":[[[120.17450425010982,22.933692238148883],[120.1725151966159,22.922925968765618],[120.171270651633,22.91608774569104],[120.17354516487762,22.910792222825467],[120.1807978580539,22.893396959091078],[120.18543271523163,22.884105936472572],[120.18247155647919,22.8928039340995],[120.17882375221893,22.908775168528514],[120.17702130776092,22.917273944719998],[120.17612008553192,22.924744521780685],[120.17603425484344,22.928341319381],[120.17612008553192,22.935574150665857],[120.17491845589325,22.938459270657532],[120.17450425010982,22.933692238148883]]]}"
249328,"{""type"":""Polygon"",""coordinates"":[[[28.372489844003496,40.39823680225138],[28.38339034144002,40.39581825125607],[28.403045569101153,40.393399613384126],[28.425018225351153,40.39248443045332],[28.4482783419283,40.39366109193699],[28.465186987558184,40.394641627467244],[28.48947707239705,40.394641627467244],[28.507844839731035,40.393782925969894],[28.524410162607012,40.39044900439769],[28.54492369715291,40.38260383197809],[28.570072088876543,40.37534623396232],[28.60388938013631,40.368153248446774],[28.622428808847246,40.36501425052688],[28.63229933802205,40.36449106999432],[28.628265295663653,40.36579901371189],[28.60260191980916,40.369722692586144],[28.576766882577715,40.37547700841054],[28.554691390227323,40.382229806970756],[28.53349121017361,40.389550234633475],[28.520959929656033,40.39451843750637],[28.514951781462674,40.396348735642114],[28.50379379196072,40.39661020274291],[28.47701992022138,40.3968063024022],[28.454260713766573,40.39684434482294],[28.438467867086885,40.39573310649645],[28.421559221457002,40.39488332363683],[28.40476353554394,40.39524200932144],[28.386395768209955,40.39733375207965],[28.372920350119134,40.39962152131407],[28.372489844003496,40.39823680225138]]]}"
262402,"{""type"":""Polygon"",""coordinates"":[[[26.94184456775642,39.52829061889354],[26.940385445712103,39.53438094677127],[26.941758737050737,39.53888215008122],[26.944312177630163,39.54205935947426],[26.947605823005915,39.543565114848434],[26.950084315786267,39.54536866492823],[26.952609647596073,39.54679912566984],[26.95316093799921,39.54829575058786],[26.95453422933839,39.55259751495833],[26.953289732538032,39.55603869928349],[26.951787646664933,39.55749458356639],[26.951873477371354,39.55140628383671],[26.947324449814232,39.54723681383685],[26.939857178165415,39.5437289704186],[26.9368531033632,39.537705655855014],[26.93753974903065,39.532368998720116],[26.940028839578662,39.52852939515553],[26.94110836664529,39.526887347728064],[26.94184456775642,39.52829061889354]]]}"
262538,"{""type"":""Polygon"",""coordinates"":[[[20.159056098198977,39.52977392220929],[20.156309516167727,39.52891330790791],[20.15128842089185,39.52974082185647],[20.143563658928958,39.529575319855745],[20.139958770012942,39.53288528491464],[20.14055958483228,39.53659225843647],[20.144936949944583,39.542483291195765],[20.14725437853345,39.546388306971465],[20.14828434679517,39.55294029735037],[20.147941024041263,39.561807662439875],[20.152060897088138,39.574246532370175],[20.151374251580325,39.583640369687316],[20.147426039910403,39.58708004796339],[20.14502278063306,39.59104869534786],[20.151889235711185,39.59528166866152],[20.15051594469556,39.59753033053081],[20.14347782824048,39.59607532236271],[20.13781300280103,39.590784125927804],[20.139357955193606,39.581655862246784],[20.14605274889478,39.57504042702665],[20.143821150994388,39.562866376542374],[20.142919665763802,39.552393814820455],[20.1400014223556,39.545378473717264],[20.134851581047005,39.53571467281483],[20.134164935539193,39.529227257237366],[20.14343464989466,39.52512266083742],[20.15442097801966,39.52551989044778],[20.160600787589974,39.52843283816019],[20.159056098198977,39.52977392220929]]]}"
264925,"{""type"":""Polygon"",""coordinates"":[[[107.5891494796326,21.2925269785596],[107.57721913077224,21.290687634341335],[107.57219804732553,21.292207157649035],[107.56786367144818,21.28860833372394],[107.56468797294517,21.292207094105652],[107.55996733130365,21.2955658442934],[107.55327260318273,21.29972419058245],[107.54571957658486,21.299884124664196],[107.54082697936315,21.293727014273315],[107.51688064431332,21.295485906960785],[107.51533598901057,21.28524955710441],[107.53747991100077,21.282290336413705],[107.53953982731348,21.277491665127204],[107.54983940917306,21.280850751380093],[107.55601915826507,21.279731064441194],[107.55790741493595,21.281330614569978],[107.5498394091859,21.28325005179007],[107.54142808402285,21.28149056870426],[107.54194306316316,21.286768954972363],[107.54726451377981,21.290287773859504],[107.55258596437056,21.292047151715582],[107.55739243585373,21.28708885100871],[107.56408716402511,21.283410003737387],[107.57696164131671,21.280050975914662],[107.59052275733475,21.283729907349105],[107.6028822554201,21.287728641532468],[107.6030539150167,21.292367036725494],[107.5891494796326,21.2925269785596]]]}"
275141,"{""type"":""Polygon"",""coordinates"":[[[-124.41706943279758,48.57666826932081],[-124.41663724992833,48.57521819514012],[-124.40916998003087,48.569652596775285],[-124.40582860638138,48.564942382531775],[-124.40711606670853,48.55914842662741],[-124.40642942120071,48.557785046430986],[-124.40248120953079,48.55858035601108],[-124.40050710369583,48.560000520590734],[-124.40196622539993,48.56142064529999],[-124.40222371746536,48.56806629902111],[-124.40784562756058,48.57383083826064],[-124.41501249004837,48.57743689070391],[-124.41706943279758,48.57666826932081]]]}"
295697,"{""type"":""Polygon"",""coordinates"":[[[120.44810430027613,17.43271467954045],[120.44935689068195,17.429454463017684],[120.45201764202473,17.42437721867596],[120.454404812275,17.41976049691301],[120.45792387050254,17.411570888569038],[120.45886800807578,17.403708519174412],[120.45981215150383,17.397524853821256],[120.46067045253379,17.401333361900193],[120.46084211391074,17.40706644748711],[120.46006963771445,17.4105881108946],[120.45354650539024,17.425820570649723],[120.45067117732627,17.430365493933643],[120.44810430027613,17.43271467954045]]]}"
296274,"{""type"":""Polygon"",""coordinates"":[[[82.61000673299594,17.2879669870008],[82.65000383382602,17.313452646977584],[82.6361850929813,17.30624162876195],[82.61069337850375,17.29140898650566],[82.58901559544195,17.278364706111525],[82.61000673299594,17.2879669870008]]]}"
299177,"{""type"":""Polygon"",""coordinates"":[[[15.089692713880547,37.42289864206987],[15.090808512830742,37.4070146726757],[15.088576914930352,37.404287472205674],[15.088315771741957,37.40046694752139],[15.08874126613096,37.3970555305956],[15.08907733606712,37.38770971335291],[15.090193135017316,37.37447845713742],[15.091265975241814,37.36666796695729],[15.092253071540753,37.38641397179566],[15.093111378425519,37.40223763069146],[15.093283039802472,37.410146454938506],[15.090879780525128,37.42187179551322],[15.089692713880547,37.42289864206987]]]}"
314898,"{""type"":""Polygon"",""coordinates"":[[[120.05609257330396,15.078693878318585],[120.05643589605786,15.074218554803444],[120.05746586431958,15.059963193211113],[120.05677921881177,15.053498237898436],[120.05368931402661,15.046701534869683],[120.05111439337232,15.038246796912508],[120.05162696507999,15.033107478658215],[120.05712012914249,15.02829961723714],[120.06192664769718,15.02199949693901],[120.06364326146671,15.007906449664503],[120.06535987523624,14.997294600679451],[120.06656150487491,15.016362389609208],[120.06415824559757,15.028133826980147],[120.06158332494327,15.038081014385599],[120.06209830907413,15.043385991318903],[120.06226997045108,15.056035231651045],[120.0607250180585,15.06797023826692],[120.05797843602726,15.078578571187409],[120.05609257330396,15.078693878318585]]]}"
323297,"{""type"":""Polygon"",""coordinates"":[[[32.808541602790356,36.02343211089981],[32.820300407111645,36.033982917177134],[32.837294883430005,36.040992868826095],[32.84562046021223,36.04925131806629],[32.83944065064192,36.045226299761126],[32.817811317145825,36.03870255721499],[32.807854957282544,36.02954064466086],[32.804593391120434,36.022113160760306],[32.808541602790356,36.02343211089981]]]}"
331379,"{""type"":""Polygon"",""coordinates"":[[[-64.36480208344022,45.110278484588136],[-64.35312910980741,45.102645582825346],[-64.34634848541776,45.10070690557197],[-64.3403403372244,45.10621984643021],[-64.34076949066679,45.108218913230246],[-64.35870810455839,45.10961216081066],[-64.36608954376737,45.114215693573094],[-64.36917944855253,45.11227740924758],[-64.36480208344022,45.110278484588136]]]}"
382322,"{""type"":""Polygon"",""coordinates"":[[[122.94878863486048,10.716921029994229],[122.94655703696009,10.722327234231576],[122.94741534384485,10.724161452205118],[122.94805907400843,10.725574003294646],[122.95102023276087,10.724857187148126],[122.95582675131556,10.724266866693256],[122.95947455557581,10.72481502143956],[122.96033286246058,10.726838968821152],[122.95689963492151,10.726248652233785],[122.95020484122034,10.727344953550434],[122.94617079886194,10.727766606844863],[122.94471167715784,10.72582699682317],[122.94479750784632,10.721357413338009],[122.94762992056604,10.717309431702732],[122.94878863486048,10.716921029994229]]]}"
383601,"{""type"":""Polygon"",""coordinates"":[[[107.83464357952268,10.706160142823485],[107.83103869060666,10.706244479430747],[107.81794705249408,10.698942885349684],[107.80867733813861,10.69042456443638],[107.79889263965228,10.680134788690332],[107.78859295703509,10.66697686281772],[107.78026738025287,10.658373295807923],[107.77271427966693,10.652890503702258],[107.75580563403705,10.642093332303315],[107.75151409961322,10.640068820089436],[107.74404682971576,10.638297360877816],[107.73958363391498,10.637453805256275],[107.72954144336322,10.63272985067313],[107.72233166553119,10.632223708344615],[107.71520771838763,10.633404705805399],[107.71040119983294,10.633995202821932],[107.70233311511615,10.631970636865598],[107.71838345386126,10.630705276323056],[107.72911228992083,10.62969298411236],[107.74439015246966,10.63568233085846],[107.75932469226458,10.640828013744695],[107.76996769763568,10.64656408248775],[107.77846493579486,10.646648435634573],[107.78541722156146,10.657867196057074],[107.79701628074615,10.673128423679222],[107.81246580467193,10.69210563542858],[107.82259382591216,10.699527511085172],[107.83464357952268,10.706160142823485]]]}"
412843,"{""type"":""Polygon"",""coordinates"":[[[80.09818941565187,9.159348618160848],[80.09973436804445,9.159518090720837],[80.1013651511255,9.162822789483686],[80.10149389715822,9.169304993900626],[80.10265261145265,9.172906167432354],[80.10385424109133,9.17477028996361],[80.10454088659914,9.17934582191536],[80.1070456476908,9.182596545898637],[80.1070456476908,9.187087247173215],[80.10756063182166,9.197085207781377],[80.10944890696814,9.203778599839982],[80.10781812388709,9.204456404630891],[80.10498571116736,9.20106736768489],[80.10361242015173,9.194373924331634],[80.1044707270365,9.186748328307953],[80.10455655772498,9.18386750486354],[80.10283994395544,9.179630957258007],[80.10198163707068,9.176156950445593],[80.09966420848181,9.17124244367289],[80.09943537519634,9.166510635371477],[80.0991778831309,9.161934937941902],[80.09818941565187,9.159348618160848]]]}"
422862,"{""type"":""Polygon"",""coordinates"":[[[126.31348429539419,8.227719029725119],[126.31379426484446,8.227272463690815],[126.31924451356272,8.230373029418816],[126.32862143011626,8.239334631548198],[126.33365450718618,8.247978428800744],[126.33082209446646,8.246152152352828],[126.32726012089468,8.242542046183216],[126.32532893040396,8.239951243798885],[126.32185278752065,8.238167402786909],[126.31717501499868,8.233707765081537],[126.31408511021353,8.230649698765694],[126.31348429539419,8.227719029725119]]]}"
472086,"{""type"":""Polygon"",""coordinates"":[[[98.51634151619903,4.018848560185058],[98.50964672249786,4.020047234193744],[98.4955704895877,4.029294088698073],[98.48921901864044,4.033403768083269],[98.47445614022247,4.039397013255697],[98.46106655282013,4.0421367677366025],[98.43909389657013,4.045561447818175],[98.42021114510528,4.056691558034829],[98.40321666878692,4.07175977054242],[98.40853817147247,4.061968278108144],[98.42398769539825,4.0477560491958755],[98.4351456849002,4.041420396825767],[98.44252712410919,4.039194345048858],[98.45626003426544,4.039194345048858],[98.46467144173614,4.038338169662157],[98.47239620369903,4.034742223176813],[98.48818905037872,4.029947603102451],[98.48750240487091,4.004946626932563],[98.49402553719513,3.999809345294299],[98.49745876473419,4.012138767037692],[98.50844509285919,4.013851172019514],[98.51874477547638,4.014536133006779],[98.51634151619903,4.018848560185058]]]}"
574716,"{""type"":""Polygon"",""coordinates"":[[[99.1431558415739,-1.8007860819145176],[99.14452913258953,-1.8000139870580247],[99.1425979420988,-1.7948666796655357],[99.14319875691814,-1.7918640769920124],[99.14671781514568,-1.787531741604107],[99.15521505330486,-1.7830707123037373],[99.16839006398601,-1.7798965117928878],[99.19006231282634,-1.779553354653416],[99.18667200063152,-1.778781250856142],[99.16589915588476,-1.779036684322887],[99.15594279602148,-1.780881153713423],[99.1509217007456,-1.7822966754820797],[99.14718806861697,-1.7843341674791076],[99.14489209488012,-1.7869721790405622],[99.14178073242284,-1.7916047763310425],[99.14109408691503,-1.7952507937386273],[99.14190947845556,-1.7974384006935298],[99.1431558415739,-1.8007860819145176]]]}"
620926,"{""type"":""Polygon"",""coordinates"":[[[119.01337050741961,-3.52600647155277],[119.01847743338396,-3.5210377021173067],[119.02414225882342,-3.5154263875164187],[119.02285479849627,-3.5138843409468103],[119.02092360800555,-3.5140128449249706],[119.0196361476784,-3.5152550491345704],[119.01834868735125,-3.5183391351906796],[119.01534461325457,-3.5226654053715802],[119.01298426932146,-3.525492462152148],[119.01337050741961,-3.52600647155277]]]}"
632150,"{""type"":""Polygon"",""coordinates"":[[[121.60903442256507,-4.162902820556386],[121.61195266597328,-4.1606771071625825],[121.614785078693,-4.156739291137227],[121.61746382599323,-4.152576398610246],[121.61827921753375,-4.148895359467515],[121.61793589477985,-4.144101422309551],[121.61815047150104,-4.141105196825474],[121.61836504822223,-4.140334737009919],[121.61802172546832,-4.137293614074622],[121.61733507996051,-4.132970447940695],[121.61772131805866,-4.13044502315262],[121.61647677307575,-4.127962394339207],[121.61561846619098,-4.124424188123764],[121.61401985944664,-4.120035478261633],[121.61182045822589,-4.115903590502222],[121.61149858852451,-4.118750089629499],[121.61409497147052,-4.122367068099652],[121.615082024388,-4.1269043123757045],[121.61589741592853,-4.134694614704221],[121.61645531540363,-4.144796211376984],[121.61568283920734,-4.153487273063284],[121.61121964340656,-4.159180002509239],[121.60903442256507,-4.162902820556386]]]}"
654755,"{""type"":""Polygon"",""coordinates"":[[[120.22612890988442,-5.539524969374468],[120.23329577237222,-5.539396824592022],[120.2397759893522,-5.538158090262036],[120.24483999997231,-5.5379872301506525],[120.25518259793374,-5.536791207987788],[120.26024660855386,-5.53568061381235],[120.24514040738198,-5.536663062612498],[120.24217924862954,-5.536321341475908],[120.2403338888273,-5.536577632346878],[120.23621401578042,-5.5379872301506525],[120.2247556188688,-5.539055105036243],[120.22612890988442,-5.539524969374468]]]}"
667218,"{""type"":""Polygon"",""coordinates"":[[[155.42779024976042,-6.105360433612615],[155.43534335034636,-6.114406805988693],[155.4432397736862,-6.1260132483159015],[155.44976290601042,-6.141032975506333],[155.45559939282683,-6.14717728731806],[155.45079287427214,-6.137619438306184],[155.44718798535612,-6.129768219772003],[155.44220980542448,-6.117991175374623],[155.43894823926237,-6.114065436222737],[155.43019350903776,-6.105872496507705],[155.42779024976042,-6.105360433612615]]]}"
674974,"{""type"":""Polygon"",""coordinates"":[[[146.949055207619,-6.831078908066359],[146.95180178965026,-6.805000453274381],[146.96381808603698,-6.760680878868443],[146.9645047315448,-6.749600349180284],[146.97188617075378,-6.747895629784518],[146.97480441416198,-6.74320762050647],[146.97351695383483,-6.740820980177475],[146.96647883737975,-6.745082829661893],[146.95969880526397,-6.746189826070118],[146.95832551424834,-6.761702605910424],[146.95248902743194,-6.780453652925914],[146.94948495333526,-6.797390942078663],[146.94485009615752,-6.8306284676264175],[146.949055207619,-6.831078908066359]]]}"
718850,"{""type"":""Polygon"",""coordinates"":[[[114.35694834228687,-8.346466809336906],[114.36277349220018,-8.33808592181949],[114.36191518531541,-8.334349273268028],[114.36002691016893,-8.322799406649999],[114.36208684669236,-8.315750423595082],[114.36019857154588,-8.318468118829392],[114.35745198951463,-8.326875869079366],[114.35736615882615,-8.330527663959263],[114.35925443397264,-8.334264349022348],[114.35942609534959,-8.337916074932782],[114.35599286781053,-8.34394559421207],[114.35401876197557,-8.349380574094731],[114.35195882545213,-8.356089273039661],[114.35694834228687,-8.346466809336906]]]}"
